Année;Pays;Consommation_charbon;Production_charbon;Variation_pct_consommation_charbon;Variation_pct_production_charbon;Demande_électricité;Production_électricité;Électricité_biocarburants;Électricité_charbon;Variation_pct_consommation_énergie;Variation_pct_consommation_fossile;Consommation_combustibles_fossiles;Électricité_fossile;Consommation_pétrole;Variation_pct_consommation_pétrole;Électricité_pétrole;Variation_pct_production_pétrole;Production_pétrole;Variation_pct_consommation_gaz;Variation_pct_production_gaz;Consommation_gaz;Production_gaz;Électricité_gaz;Variation_pct_production_gaz;Consommation_nucléaire;Électricité_nucléaire;Consommation_hydroélectrique;Consommation_renouvelables;Émissions_gaz_effet_de_serre;Population
2005;Australia;638.222;2501.289;-0.576;4.708;215.7;215.7;3.63;171.4;0.421;0.131;1349.514;195.95;478.702;1.571;2.76;-1.768;294.556;-0.83;6.415;232.59;382.353;21.79;6.415;;0.0;44.285;60.836;154.36;20171732.0
2006;Australia;655.499;2556.841;2.707;2.221;219.91;219.91;3.62;170.88;4.289;4.376;1408.571;198.72;493.642;3.121;2.74;-8.691;268.957;11.54;6.4;259.431;406.822;25.1;6.4;0.0;0.0;42.525;62.267;155.57;20467032.0
2007;Australia;649.802;2640.855;-0.869;3.286;229.52;229.52;4.01;174.0;2.402;2.676;1446.271;208.59;506.27;2.558;3.26;6.503;286.446;11.86;5.086;290.198;427.512;31.33;5.086;;0.0;36.897;59.896;161.61;20830832.0
2008;Australia;677.291;2720.621;4.23;3.02;229.55;229.55;3.48;173.39;1.698;2.011;1475.357;211.06;512.716;1.273;3.5;-0.258;285.707;-1.671;-2.499;285.35;416.829;34.17;-2.499;;0.0;33.201;56.389;162.49;21247876.0
2009;Australia;654.861;2822.834;-3.312;3.757;234.74;234.74;2.66;174.01;-1.449;-1.694;1450.366;216.42;504.141;-1.672;3.1;-1.847;280.429;2.108;12.031;291.364;466.976;39.31;12.031;;0.0;35.306;59.178;165.06;21660898.0
2010;Australia;607.394;2914.79;-7.248;3.258;233.63;233.63;2.3;165.57;-0.047;-0.455;1443.765;212.5;519.307;3.008;2.92;2.177;286.533;8.821;12.694;317.064;526.255;44.01;12.694;;0.0;38.153;65.073;160.29;22019166.0
2011;Australia;592.062;2850.813;-2.524;-2.195;240.89;240.89;2.46;164.21;3.298;1.813;1469.942;213.56;547.06;5.344;2.77;-13.095;249.012;4.338;3.47;330.82;544.515;46.58;3.47;;0.0;53.992;88.66;160.52;22357032.0
2012;Australia;554.468;3091.909;-6.35;8.457;233.38;233.38;2.93;156.29;-1.443;-1.443;1448.736;206.75;561.419;2.625;3.39;-1.061;246.37;0.613;7.042;332.848;582.858;47.07;7.042;;0.0;46.712;87.377;154.79;22729272.0
2013;Australia;526.242;3323.743;-5.091;7.498;229.98;229.98;3.06;142.94;1.268;0.383;1454.284;195.78;578.037;2.96;4.36;-16.869;204.809;5.154;3.93;350.005;605.766;48.48;3.93;;0.0;52.025;101.302;145.42;23111788.0
2014;Australia;521.888;3559.449;-0.827;7.092;241.61;241.61;3.39;148.48;0.699;1.287;1472.994;205.46;575.428;-0.451;5.66;5.646;216.372;7.335;7.755;375.677;652.744;51.32;7.755;;0.0;39.239;93.464;152.38;23469578.0
2015;Australia;540.411;3555.703;3.549;-0.105;230.84;230.84;3.33;147.06;2.24;1.897;1500.939;197.72;570.579;-0.843;5.59;-9.683;195.421;3.799;13.824;389.95;742.977;45.07;13.824;;0.0;37.935;100.613;148.04;23820240.0
2016;Australia;540.062;3563.056;-0.065;0.207;246.07;246.07;3.48;155.96;0.326;-0.641;1491.312;207.66;571.723;0.201;5.49;-8.635;178.546;-2.673;26.625;379.527;940.797;46.21;26.625;;0.0;47.195;115.454;155.98;24195706.0
2017;Australia;521.526;3473.313;-3.432;-2.519;249.91;249.91;3.39;151.64;-0.299;0.177;1493.95;209.14;599.58;4.872;5.02;-9.454;161.666;-1.761;17.235;372.844;1102.946;52.48;17.235;;0.0;35.927;108.02;155.27;24590336.0
2018;Australia;508.882;3638.038;-2.424;4.743;250.38;250.38;3.5;152.53;1.467;-0.204;1490.901;207.45;610.111;1.756;4.78;5.618;170.749;-0.251;15.51;371.908;1274.019;50.14;15.51;;0.0;45.801;134.564;154.81;24979228.0
2019;Australia;486.392;3662.102;-4.42;0.661;249.86;249.86;3.24;139.98;3.371;2.7;1531.156;196.45;604.194;-0.97;4.42;31.148;223.933;18.462;14.678;440.57;1461.024;52.05;14.678;;0.0;36.958;149.099;145.42;25357168.0
2005;Brazil;151.085;33.071;-3.557;4.861;434.76;395.72;12.79;10.81;2.602;1.436;1454.032;39.56;1101.676;1.672;11.05;9.984;1034.854;4.164;-1.094;201.271;112.414;17.7;-1.094;27.079;9.2;966.278;1095.285;36.34;186797344.0
2006;Brazil;148.974;33.042;-1.397;-0.089;453.09;411.93;13.99;10.51;2.756;2.295;1487.402;39.4;1126.731;2.274;11.68;5.68;1093.633;5.18;2.109;211.698;114.785;17.21;2.109;37.555;12.98;992.493;1122.438;36.9;188820688.0
2007;Brazil;157.872;34.014;5.973;2.943;476.0;437.17;16.97;10.58;6.44;4.826;1559.18;37.64;1183.292;5.02;12.5;1.416;1109.115;2.985;0.691;218.016;115.577;14.56;0.691;33.51;11.65;1057.573;1225.19;37.5;190779456.0
2008;Brazil;160.132;37.866;1.432;11.324;496.9;454.69;18.91;11.67;4.307;5.729;1648.513;55.87;1231.772;4.097;16.69;3.935;1152.756;17.702;24.385;256.609;143.761;27.51;24.385;37.667;13.21;1038.475;1253.053;48.03;192672320.0
2009;Brazil;129.207;35.403;-19.312;-6.505;498.65;458.67;21.81;9.86;-0.702;-5.691;1554.695;36.32;1218.802;-1.053;13.75;6.928;1232.616;-19.455;-14.602;206.686;122.769;12.71;-14.602;34.723;12.22;1091.917;1329.17;38.42;194517552.0
2010;Brazil;168.198;31.786;30.177;-10.217;545.43;510.78;30.52;11.15;9.129;12.527;1749.447;61.02;1305.481;7.112;15.02;5.335;1298.374;33.423;22.348;275.768;150.206;34.85;22.348;38.681;13.77;1119.363;1396.908;53.62;196353504.0
2011;Brazil;179.673;31.811;6.823;0.081;563.28;527.39;31.29;12.61;3.477;3.252;1806.344;50.27;1351.837;3.551;13.6;2.138;1326.135;-0.339;14.689;274.834;172.27;24.06;14.689;41.453;14.8;1181.623;1447.993;49.34;198185296.0
2012;Brazil;177.8;33.948;-1.043;6.716;587.42;547.16;34.39;14.19;2.929;7.151;1935.516;77.21;1431.951;5.926;18.06;-1.456;1306.823;18.532;15.127;325.765;198.328;44.96;15.127;42.199;15.17;1138.841;1414.605;64.43;199977712.0
2013;Brazil;191.647;42.165;7.788;24.205;603.82;563.49;39.27;21.39;2.406;5.733;2046.477;112.0;1471.003;2.727;24.47;-1.97;1281.078;17.823;10.673;383.828;219.496;66.14;10.673;40.406;14.65;1065.617;1387.057;85.74;201721776.0
2014;Brazil;203.77;41.827;6.326;-0.802;615.64;581.86;45.15;26.17;2.604;4.566;2139.918;136.58;1529.594;3.983;32.66;11.168;1424.148;5.921;6.37;406.555;233.477;77.75;6.37;39.978;14.46;1011.683;1384.521;102.06;203459648.0
2015;Brazil;204.981;33.8;0.594;-19.19;605.99;571.57;47.54;26.12;-1.332;-3.225;2070.909;128.85;1436.562;-6.082;26.97;7.953;1537.403;5.611;1.957;429.365;238.045;75.76;1.957;38.075;13.91;968.777;1407.973;97.39;205188208.0
2016;Brazil;185.15;31.148;-9.675;-7.848;612.19;571.4;49.14;25.01;-2.411;-7.465;1916.32;93.06;1360.291;-5.309;13.98;3.415;1589.903;-13.622;1.34;370.879;241.236;54.07;1.34;40.754;14.97;1019.713;1475.092;77.78;206859584.0
2017;Brazil;195.275;25.329;5.469;-18.682;617.51;581.16;50.6;24.64;0.898;1.539;1945.812;101.9;1374.216;1.024;14.54;4.341;1658.924;1.467;12.676;376.32;271.814;62.72;12.676;40.194;14.86;987.09;1476.988;82.33;208504960.0
2018;Brazil;190.978;27.449;-2.2;8.369;629.12;594.14;52.13;22.68;0.375;-4.559;1857.108;86.69;1307.221;-4.875;11.65;-1.429;1635.215;-4.627;-7.428;358.908;251.624;52.36;-7.428;39.793;14.79;1029.111;1579.067;74.63;210166592.0
2019;Brazil;179.512;25.144;-6.004;-8.395;643.62;618.66;52.69;23.46;1.639;-1.005;1838.441;90.91;1301.595;-0.43;9.46;7.536;1758.446;-0.439;2.322;357.333;257.465;57.99;2.322;40.797;15.16;1048.793;1653.713;77.06;211782880.0
2005;Canada;348.345;410.788;-0.431;4.162;582.62;606.47;8.94;99.17;0.668;-1.556;2469.933;150.78;1245.67;-2.752;16.05;-1.708;1659.355;-0.26;1.368;875.917;1791.524;35.56;1.368;251.141;86.83;1036.429;1072.182;121.7;32215914.0
2006;Canada;337.433;404.735;-3.132;-1.473;573.52;592.63;8.65;91.27;-0.562;-0.217;2464.582;139.71;1256.413;0.862;9.98;5.831;1756.111;-0.592;0.137;870.735;1793.974;38.46;0.137;265.624;92.44;1004.107;1041.744;112.19;32531864.0
2007;Canada;352.77;415.147;4.545;2.573;582.02;612.97;8.45;98.34;3.815;4.661;2579.457;149.36;1290.123;2.683;11.29;3.095;1810.469;7.56;-2.63;936.564;1746.791;39.73;-2.63;251.888;88.19;1039.494;1084.499;119.77;32862458.0
2008;Canada;335.23;413.931;-4.972;-0.293;582.68;614.84;7.69;94.68;-1.189;-2.852;2505.881;141.33;1245.212;-3.481;9.42;-1.562;1782.181;-1.188;-4.687;925.439;1664.916;37.23;-4.687;257.12;88.3;1060.762;1106.266;114.31;33218542.0
2009;Canada;280.078;385.477;-16.452;-6.874;561.51;595.13;8.51;78.51;-3.917;-4.545;2391.977;129.76;1214.623;-2.457;9.3;-0.057;1781.164;-3.043;-6.872;897.275;1550.508;41.95;-6.872;239.755;85.13;1029.638;1085.967;103.26;33593920.0
2010;Canada;286.985;412.009;2.466;6.883;556.12;581.82;9.42;76.85;0.936;3.228;2469.195;130.08;1266.489;4.27;6.31;4.883;1868.131;2.056;-3.521;915.721;1495.911;46.92;-3.521;239.784;85.53;975.296;1043.5;102.09;33963416.0
2011;Canada;258.726;412.45;-9.847;0.107;574.98;611.54;9.29;70.58;3.771;2.559;2532.39;131.3;1268.156;0.132;5.48;5.914;1978.621;9.805;0.99;1005.508;1510.713;55.24;0.99;246.025;88.29;1036.492;1115.566;101.06;34323536.0
2012;Canada;245.41;414.823;-5.147;0.575;565.29;612.27;10.02;61.98;0.305;-0.286;2525.139;124.2;1285.495;1.367;5.7;7.513;2127.278;-1.121;-0.507;994.235;1503.052;56.52;-0.507;247.861;89.49;1042.668;1132.844;95.07;34691876.0
2013;Canada;239.337;423.781;-2.475;2.16;586.85;637.73;10.14;63.04;2.386;1.834;2571.458;122.87;1277.714;-0.605;5.95;6.832;2272.614;6.052;1.075;1054.407;1519.203;53.88;1.075;268.645;97.58;1067.788;1158.95;95.34;35063696.0
2014;Canada;227.599;420.557;-4.904;-0.761;588.76;636.09;9.01;60.95;0.217;1.136;2600.671;122.75;1274.656;-0.239;4.27;7.352;2439.707;4.174;4.655;1098.415;1589.916;57.53;4.655;276.951;101.21;1036.234;1130.124;93.88;35404616.0
2015;Canada;228.959;379.017;0.598;-9.877;576.77;638.95;9.25;57.52;0.652;0.369;2610.263;125.7;1277.979;0.261;4.67;3.002;2512.946;0.447;1.11;1103.324;1607.557;63.51;1.11;261.261;96.05;1029.236;1162.338;94.35;35732120.0
2016;Canada;213.098;380.604;-6.928;0.419;581.08;644.88;10.63;58.29;-1.36;-2.748;2538.53;122.35;1273.506;-0.35;4.47;1.282;2545.167;-4.659;2.663;1051.926;1650.363;59.59;2.663;258.746;95.69;1031.817;1181.741;93.41;36113532.0
2017;Canada;221.605;369.538;3.992;-2.907;582.55;644.7;10.04;55.64;1.523;1.633;2579.988;113.7;1260.565;-1.016;3.62;8.124;2751.936;4.363;3.776;1097.818;1712.685;54.44;3.776;256.895;95.57;1050.112;1202.723;88.18;36554344.0
2018;Canada;181.723;339.416;-17.997;-8.151;587.68;635.89;9.74;46.75;0.903;2.499;2644.456;112.47;1300.689;3.183;3.55;8.926;2997.575;5.85;3.216;1162.044;1767.768;62.17;3.216;253.962;95.03;1020.97;1177.656;84.38;37035260.0
2019;Canada;170.179;334.607;-6.353;-1.417;580.91;627.92;9.45;43.89;-0.598;-0.317;2636.076;110.65;1297.276;-0.262;2.99;2.218;3064.065;0.566;-4.045;1168.621;1696.27;63.77;-4.045;254.196;95.47;1006.336;1161.445;82.22;37522584.0
2005;China;15405.105;14440.989;17.102;12.174;2494.08;2500.26;5.32;1980.15;13.604;13.734;19713.344;2042.8;3838.487;1.607;50.51;4.195;2109.134;17.485;18.958;469.751;497.08;12.14;18.958;145.871;53.09;1136.824;1167.95;1676.44;1304887552.0
2006;China;16918.381;15449.555;9.823;6.984;2858.84;2865.72;7.13;2302.42;9.612;9.636;21612.988;2364.16;4116.769;7.25;37.92;1.882;2148.825;23.009;18.721;577.838;590.136;23.82;18.721;149.745;54.84;1239.988;1285.634;1938.99;1313086592.0
2007;China;18423.912;16738.865;8.899;8.345;3271.23;3281.54;9.86;2656.7;8.681;8.492;23448.26;2718.7;4313.567;4.78;28.09;0.84;2166.881;23.007;18.252;710.779;697.847;33.91;18.252;168.582;62.13;1372.143;1432.453;2229.51;1321513216.0
2008;China;18715.92;17349.281;1.585;3.647;3482.96;3495.76;14.87;2708.91;3.871;2.111;23943.34;2762.29;4408.092;2.191;18.81;2.212;2214.813;15.272;15.973;819.329;809.317;34.57;15.973;184.426;68.39;1789.895;1891.234;2271.1;1330167168.0
2009;China;19605.02;17885.352;4.751;3.09;3703.26;3714.64;20.86;2911.52;4.381;4.779;25087.559;2980.2;4580.298;3.907;12.12;-0.499;2203.769;10.119;6.188;902.24;859.398;56.56;6.188;187.726;70.05;1719.316;1883.614;2444.37;1339125632.0
2010;China;20340.541;19367.25;3.752;8.286;4173.8;4187.31;24.9;3233.6;6.984;6.203;26643.771;3326.19;5214.49;13.846;14.86;7.137;2361.053;20.671;12.34;1088.74;965.445;77.73;12.34;199.071;74.74;1974.5;2212.766;2724.31;1348191360.0
2011;China;22143.604;21535.068;8.864;11.193;4678.61;4691.35;27.63;3690.87;7.85;8.415;28885.965;3811.77;5390.733;3.38;12.13;-0.068;2359.442;24.146;9.965;1351.629;1061.656;108.77;9.965;230.835;87.2;1898.078;2219.735;3113.16;1357095424.0
2012;China;22422.357;21789.303;1.259;1.181;4956.48;4967.26;30.13;3748.19;4.109;2.421;29585.432;3869.38;5654.299;4.889;10.94;2.269;2412.969;11.626;5.004;1508.776;1114.781;110.25;5.004;258.69;98.32;2365.726;2780.102;3165.32;1366560768.0
2013;China;22902.131;22034.137;2.14;1.124;5397.41;5408.64;37.13;4077.37;3.765;3.187;30528.387;4203.77;5907.47;4.477;10.01;1.196;2441.827;13.919;9.269;1718.785;1218.107;116.39;9.269;291.608;111.5;2479.073;3032.571;3441.11;1376100352.0
2014;China;22804.703;21680.762;-0.425;-1.604;5756.9;5768.31;46.27;4203.06;2.59;0.991;30830.85;4345.86;6142.517;3.979;9.52;0.7;2458.919;9.591;7.692;1883.631;1311.808;133.28;7.692;346.318;133.22;2870.808;3552.34;3559.04;1385189632.0
2015;China;22329.041;21273.957;-2.086;-1.876;5775.36;5787.8;54.07;4046.17;1.167;0.178;30885.832;4222.76;6609.896;7.609;9.68;1.481;2495.333;3.359;3.421;1946.895;1356.689;166.91;3.421;442.87;171.38;3001.359;3806.155;3451.62;1393715456.0
2016;China;21675.779;19671.232;-2.926;-7.534;6078.25;6090.97;62.13;4156.35;0.408;-0.946;30593.768;4355.0;6823.578;3.233;10.37;-6.933;2322.336;7.577;1.675;2094.411;1379.416;188.28;1.675;547.629;213.18;3087.34;4136.883;3558.1;1401889664.0
2017;China;21915.443;20326.109;1.106;3.329;6545.21;6558.26;79.6;4430.03;3.887;2.999;31511.137;4643.1;7183.172;5.27;9.87;-4.096;2227.215;15.189;8.161;2412.522;1491.995;203.2;8.161;633.589;248.1;3100.576;4504.977;3797.35;1410275968.0
2018;China;22352.146;21352.949;1.993;5.052;7105.38;7120.6;93.73;4763.92;4.819;3.856;32726.068;4990.28;7534.662;4.893;10.86;-1.139;2201.838;17.688;8.19;2839.26;1614.188;215.5;8.19;748.955;295.0;3171.928;4940.908;4085.99;1417069440.0
2019;China;22922.236;22154.439;2.55;3.754;7444.69;7461.49;112.73;4855.19;4.661;3.652;33921.184;5098.22;7915.177;5.05;10.53;1.217;2228.634;8.612;9.492;3083.768;1767.414;232.5;9.492;882.026;348.7;3354.375;5403.476;4178.42;1421864064.0
2005;France;156.185;0.0;3.854;-100.0;509.53;569.86;3.39;27.51;-0.586;0.024;1742.588;63.35;1109.278;-1.385;12.77;-13.125;14.816;2.185;-19.248;477.126;11.758;23.07;-19.248;1240.675;451.53;147.409;169.137;50.23;60510080.0
2006;France;144.318;0.0;-7.598;;504.66;568.0;3.38;22.89;-0.802;-1.799;1711.23;56.9;1106.107;-0.286;12.25;-5.652;13.979;-3.421;10.316;460.805;12.971;21.76;10.316;1229.219;450.19;160.205;186.681;45.55;60919152.0
2007;France;149.409;0.0;3.528;;505.4;562.21;3.75;24.45;-1.752;-2.103;1675.235;58.18;1078.217;-2.521;11.74;-7.476;12.934;-2.864;-10.988;447.609;11.546;21.99;-10.988;1193.152;439.73;162.882;203.965;46.59;61329380.0
2008;France;140.409;0.0;-6.024;;519.36;567.35;3.97;23.06;0.311;-0.807;1661.716;55.57;1057.443;-1.927;10.63;-1.361;12.758;3.632;-13.164;463.865;10.026;21.88;-13.164;1184.978;439.45;178.871;235.22;44.82;61721004.0
2009;France;125.028;0.0;-10.954;;503.28;529.21;4.13;21.67;-5.579;-4.456;1587.677;51.32;1015.337;-3.982;9.15;-6.919;11.875;-3.569;-4.893;447.311;9.535;20.5;-4.893;1098.041;409.74;159.168;224.256;41.55;62093300.0
2010;France;133.871;0.0;7.072;;532.12;562.83;4.44;23.36;3.016;1.404;1609.974;57.63;980.459;-3.435;10.51;-0.348;11.834;10.805;-15.446;495.645;8.062;23.76;-15.446;1141.338;428.52;174.068;246.423;45.95;62444568.0
2011;France;113.607;0.0;-15.137;;510.99;567.4;5.04;17.39;-3.85;-6.633;1503.187;58.99;959.389;-2.149;12.11;-1.353;11.673;-13.206;-17.361;430.19;6.663;29.49;-17.361;1171.086;442.39;123.722;208.039;45.03;62775272.0
2012;France;128.7;0.0;13.286;;522.56;567.08;5.3;21.46;-0.039;-0.191;1500.312;56.42;927.169;-3.358;12.21;-8.248;10.711;3.313;-12.376;444.443;5.838;22.75;-12.376;1119.307;425.41;161.18;261.556;45.46;63071412.0
2013;France;134.494;0.0;4.502;;527.99;576.45;5.68;23.84;0.946;0.049;1501.054;53.35;915.128;-1.299;11.12;-1.732;10.525;1.572;-35.904;451.432;3.742;18.39;-35.904;1108.062;423.68;193.085;299.312;44.91;63335180.0
2014;France;100.448;0.0;-25.314;;499.0;566.19;5.99;11.26;-4.218;-9.065;1364.985;35.68;885.454;-3.243;11.26;-3.975;10.107;-16.026;-94.74;379.084;0.197;13.16;-94.74;1134.688;436.48;170.21;286.07;32.23;63588496.0
2015;France;99.874;0.0;-0.571;;509.86;573.92;6.53;11.89;0.624;2.04;1392.825;44.65;885.433;-0.002;11.62;5.508;10.664;7.501;25.719;407.518;0.247;21.14;25.719;1130.386;437.43;146.921;279.923;36.95;63809768.0
2016;France;97.53;0.0;-2.347;;517.15;558.65;7.52;10.23;-1.717;2.107;1422.166;56.45;879.337;-0.688;11.25;-1.222;10.533;9.271;-4.762;445.299;0.236;34.97;-4.762;1035.759;403.2;160.42;297.068;42.12;63989320.0
2017;France;106.46;;9.156;;515.95;556.08;7.78;12.81;-0.737;1.056;1437.183;65.09;883.067;0.424;11.78;;;0.529;;447.657;;40.5;;1017.315;398.36;130.375;280.181;47.12;64144092.0
2018;France;95.259;;-10.521;;512.86;575.83;8.38;8.31;1.856;-2.318;1403.865;49.27;880.221;-0.322;10.35;;;-4.305;;428.384;;30.61;;1048.389;412.94;169.169;333.175;38.36;64277812.0
2019;France;74.536;;-21.755;;508.05;565.72;8.64;3.64;-2.139;-1.417;1383.965;53.5;872.809;-0.842;10.55;;;1.923;;436.62;;39.31;;1009.287;399.01;147.749;332.582;38.77;64399760.0
2005;Germany;945.387;657.931;-4.324;-3.152;608.84;613.41;14.71;288.14;-1.179;-1.739;3308.255;386.96;1460.058;-2.042;24.45;-1.706;42.463;1.644;-3.448;902.81;165.427;74.37;-3.448;447.986;163.05;56.232;206.39;296.01;81212168.0
2006;Germany;983.311;620.453;4.011;-5.696;612.83;629.81;18.94;288.93;2.517;1.583;3360.617;390.03;1457.237;-0.193;23.92;0.937;42.861;1.912;-1.212;920.069;163.422;77.18;-1.212;456.955;167.27;56.996;244.812;298.78;81177816.0
2007;Germany;1008.287;632.836;2.54;1.996;615.75;632.31;24.62;297.1;-4.159;-4.36;3214.107;402.4;1319.459;-9.455;25.28;-1.829;42.077;-3.664;-8.398;886.362;149.697;80.02;-8.398;381.321;140.53;59.861;297.996;308.99;81183832.0
2008;Germany;931.808;582.616;-7.585;-7.936;613.1;633.2;28.02;275.21;1.059;0.366;3225.884;390.43;1399.069;6.034;24.52;-9.279;38.173;0.975;-8.916;895.006;136.351;90.7;-8.916;401.18;148.49;57.446;307.597;296.65;81217488.0
2009;Germany;834.292;539.803;-10.465;-7.348;576.67;588.94;30.89;253.45;-6.163;-6.431;3018.432;358.07;1339.838;-4.234;22.07;-8.584;34.896;-5.665;-6.519;844.301;127.462;82.55;-6.519;361.601;134.93;53.148;312.147;273.66;81260624.0
2010;Germany;896.172;533.795;7.417;-1.113;609.69;624.64;33.92;262.89;4.197;3.846;3134.529;378.9;1357.644;1.329;25.34;-10.91;31.089;4.313;-12.727;880.712;111.24;90.67;-12.727;374.362;140.56;58.157;338.26;288.71;81325088.0
2011;Germany;910.791;543.482;1.631;1.815;601.4;605.17;36.89;262.46;-3.55;-3.25;3032.669;373.16;1313.271;-3.268;23.12;4.082;32.358;-8.187;-5.92;808.607;104.655;87.58;-5.92;285.821;107.97;48.748;392.096;286.0;81423384.0
2012;Germany;936.074;555.595;2.776;2.229;599.85;620.39;43.2;276.23;1.383;0.656;3052.564;377.89;1305.389;-0.6;23.66;0.274;32.446;0.308;-9.594;811.101;94.614;78.0;-9.594;261.694;99.46;59.651;447.656;294.78;81545568.0
2013;Germany;963.399;524.756;2.919;-5.551;598.96;631.15;45.51;288.2;2.834;3.107;3147.405;381.52;1334.262;2.212;24.27;0.83;32.716;4.764;-9.061;849.743;86.041;69.05;-9.061;254.443;97.29;62.679;466.672;301.4;81680592.0
2014;Germany;925.895;513.276;-3.893;-2.188;586.07;619.95;48.29;274.41;-4.086;-5.854;2963.163;360.28;1298.318;-2.694;23.27;-6.742;30.51;-13.038;-6.06;738.95;80.827;62.6;-6.06;252.5;97.13;53.063;494.797;287.1;81858824.0
2015;Germany;915.056;497.909;-1.171;-2.994;592.29;640.57;50.33;272.2;1.897;0.606;2981.134;359.99;1296.542;-0.137;24.42;-0.051;30.494;4.139;-6.907;769.536;75.244;63.37;-6.907;237.191;91.79;51.105;562.533;287.23;82073232.0
2016;Germany;889.935;460.972;-2.745;-7.418;592.45;642.97;50.93;261.75;1.641;2.716;3062.101;368.67;1323.319;2.065;24.3;-2.805;29.639;10.306;-7.993;848.847;69.23;82.62;-7.993;217.415;84.63;55.002;563.367;288.07;82331432.0
2017;Germany;835.93;458.444;-6.068;-0.548;593.55;646.01;50.92;241.26;1.296;0.106;3065.357;353.37;1352.043;2.171;24.1;0.0;;3.362;-7.899;877.385;63.762;88.01;-7.899;194.914;76.32;53.625;632.402;273.99;82624368.0
2018;Germany;806.69;439.408;-3.498;-4.152;583.98;632.72;50.79;228.16;-2.506;-3.702;2951.88;334.65;1286.682;-4.834;22.9;0.0;;-2.152;-13.086;858.507;55.418;83.59;-13.086;192.963;76.0;46.811;650.284;260.4;82896696.0
2019;Germany;624.218;330.528;-22.62;-24.779;566.82;599.49;50.13;171.45;-2.575;-4.746;2811.785;284.09;1294.737;0.626;21.72;0.0;;3.998;-3.808;892.83;53.308;90.92;-3.808;189.89;75.07;52.01;695.736;216.76;83148144.0
2005;India;2456.113;2207.16;9.475;4.557;706.07;704.52;4.04;478.48;5.889;6.888;4237.514;579.32;1438.144;1.692;25.37;-3.881;406.178;11.922;1.331;343.256;285.121;75.47;1.331;48.709;17.73;278.954;317.387;450.64;1154638720.0
2006;India;2549.865;2303.685;3.817;4.373;747.17;744.43;5.59;505.46;5.346;4.492;4427.847;599.24;1519.21;5.637;19.08;3.207;419.203;4.52;-1.141;358.772;281.868;74.7;-1.141;48.142;17.63;320.442;373.731;468.74;1172373760.0
2007;India;2790.272;2446.755;9.428;6.21;801.2;796.26;7.4;533.27;8.524;8.434;4801.275;636.68;1622.901;6.825;13.36;1.099;423.809;8.175;2.759;388.103;289.645;90.05;2.759;48.384;17.83;346.703;413.451;495.73;1189691776.0
2008;India;3020.762;2647.512;8.26;8.205;833.92;828.41;9.3;573.12;5.844;6.75;5125.357;674.27;1704.719;5.041;15.27;3.71;439.533;3.034;1.475;399.877;293.919;85.88;1.475;41.07;15.23;323.632;404.269;527.97;1206734848.0
2009;India;3268.266;2857.771;8.193;7.942;885.01;879.71;11.64;611.11;7.464;8.34;5552.823;728.56;1793.477;5.207;13.08;0.537;441.893;22.808;22.993;491.081;361.499;104.37;22.993;45.065;16.82;296.971;388.624;567.02;1223640192.0
2010;India;3348.546;2937.109;2.456;2.776;943.02;937.47;14.3;642.97;4.317;3.924;5770.731;771.78;1832.569;2.18;10.78;8.547;479.662;20.065;31.201;589.616;474.292;118.03;31.201;61.478;23.08;301.828;412.761;599.02;1240613632.0
2011;India;3478.864;2915.217;3.892;-0.745;1039.12;1034.0;17.14;701.25;5.463;4.007;6001.939;828.16;1920.216;4.783;9.35;3.978;498.743;2.246;-9.479;602.859;429.334;117.56;-9.479;85.302;32.22;363.327;498.893;646.97;1257621248.0
2012;India;3787.818;2966.21;8.881;1.749;1096.48;1091.84;19.94;787.13;5.412;6.319;6381.226;893.45;2036.417;6.051;10.07;-0.78;494.851;-7.608;-13.196;556.991;372.678;96.25;-13.196;87.196;33.14;317.451;474.145;707.83;1274487168.0
2013;India;4009.729;2974.117;5.859;0.267;1150.09;1146.14;22.48;847.97;3.318;2.663;6551.184;924.93;2051.262;0.729;10.65;-0.807;490.858;-11.993;-16.649;490.193;310.631;66.31;-16.649;87.111;33.31;359.709;534.651;744.52;1291132032.0
2014;India;4401.073;3133.724;9.76;5.367;1262.59;1262.02;24.68;949.93;6.747;6.758;6993.901;1025.29;2107.813;2.757;11.35;-1.337;484.296;-1.056;-5.498;485.016;293.552;64.01;-5.498;90.17;34.69;376.555;572.842;828.3;1307246464.0
2015;India;4490.47;3268.103;2.031;4.288;1322.05;1321.96;30.62;1006.55;3.468;3.612;7246.493;1080.44;2277.954;8.072;9.12;-1.126;478.841;-1.432;-4.13;478.068;281.428;64.77;-4.13;98.993;38.31;358.926;576.942;874.87;1322866560.0
2016;India;4587.692;3301.831;2.165;1.032;1400.54;1401.63;24.82;1073.6;4.494;4.79;7593.63;1155.52;2498.029;9.661;9.3;-1.427;472.009;6.242;-5.545;507.91;265.823;72.62;-5.545;97.354;37.9;343.682;587.477;932.71;1338636288.0
2017;India;4737.157;3329.753;3.258;0.846;1469.03;1471.16;24.91;1115.24;3.814;3.311;7845.052;1198.85;2571.897;2.957;8.62;-0.365;470.285;5.53;4.18;535.999;276.933;74.99;4.18;95.548;37.41;361.465;653.606;968.33;1354195712.0
2018;India;4981.602;3555.345;5.16;6.775;1574.88;1578.98;27.22;1198.86;5.67;5.157;8249.621;1276.32;2688.057;4.517;6.2;-2.201;459.936;8.202;-0.729;579.963;274.915;71.26;-0.729;99.143;39.05;369.748;732.744;1034.81;1369003264.0
2019;India;4989.023;3498.878;0.149;-1.588;1618.77;1621.91;31.51;1198.76;2.525;1.304;8357.201;1273.59;2775.68;3.26;2.88;-5.209;435.976;2.161;-2.131;592.498;269.055;71.95;-2.131;114.238;45.16;427.202;839.401;1034.86;1383112064.0
2005;Indonesia;283.749;1047.984;14.702;15.49;132.88;132.88;5.33;51.83;2.912;2.804;1365.573;110.22;717.888;-0.144;17.3;-3.303;624.71;0.529;0.76;363.936;762.698;41.09;0.76;;;30.71;49.915;76.48;228805152.0
2006;Indonesia;330.789;1308.174;16.578;24.828;137.98;137.98;4.9;58.67;1.715;2.026;1393.239;116.8;691.336;-3.699;17.75;-6.496;584.127;1.972;-1.144;371.114;753.971;40.38;-1.144;;;27.381;46.523;81.94;231797424.0
2007;Indonesia;417.329;1472.884;26.162;12.591;148.39;148.39;5.98;63.9;7.322;7.159;1492.976;124.1;729.227;5.481;18.14;-4.761;556.317;-6.654;-3.738;346.42;725.791;42.06;-3.738;;;31.913;52.211;87.63;234858288.0
2008;Indonesia;366.071;1644.72;-12.282;11.667;155.89;155.89;6.5;61.49;1.155;0.937;1506.96;129.55;743.942;2.018;20.83;3.329;574.838;14.585;3.101;396.947;748.299;47.23;3.101;;;32.395;56.069;90.24;237936544.0
2009;Indonesia;378.321;1721.62;3.346;4.676;162.84;162.84;6.11;65.91;2.725;2.634;1546.658;136.05;747.329;0.455;19.86;-2.063;562.978;6.062;4.295;421.008;780.441;50.28;4.295;;;31.792;58.958;94.62;240981296.0
2010;Indonesia;429.619;1759.687;13.56;2.211;177.51;177.51;7.81;68.48;8.235;7.414;1661.329;142.88;791.234;5.875;19.01;0.444;565.48;4.624;11.476;440.476;870.005;55.39;11.476;;;48.451;76.51;99.18;244016176.0
2011;Indonesia;496.265;2203.633;15.513;25.229;191.87;191.87;8.65;81.09;5.644;6.665;1772.05;161.41;848.442;7.23;22.86;-4.763;538.547;-2.982;-4.967;427.343;826.79;57.46;-4.967;;;34.259;63.866;113.3;247099696.0
2012;Indonesia;505.706;2376.853;1.902;7.861;208.94;208.94;8.87;102.17;3.235;3.131;1827.526;177.83;892.108;5.147;21.58;-3.723;518.498;0.554;-5.297;429.712;782.996;54.08;-5.297;;;35.094;67.775;128.1;250222688.0
2013;Indonesia;440.756;2901.099;-12.843;22.056;225.16;225.16;9.14;111.25;-3.447;-4.329;1748.419;189.66;862.608;-3.307;20.36;-4.975;492.702;3.57;-0.863;445.055;776.237;58.05;-0.863;;;46.122;81.545;136.79;253275920.0
2014;Indonesia;469.07;2820.678;6.424;-2.772;237.53;237.52;9.18;119.53;1.312;1.152;1768.565;203.11;859.077;-0.409;23.04;-3.311;476.389;-1.042;-1.577;440.418;763.996;60.54;-1.577;;;41.073;85.401;146.65;256229760.0
2015;Indonesia;532.274;2829.951;13.474;0.329;243.28;243.27;9.75;124.66;1.555;2.287;1809.009;209.71;819.179;-4.644;30.91;-0.934;471.942;3.891;-0.311;457.556;761.622;54.14;-0.311;;;37.003;73.786;153.34;259091968.0
2016;Indonesia;544.316;2742.306;2.262;-3.097;258.24;257.55;10.21;135.38;0.302;-1.557;1780.842;217.97;790.219;-3.535;20.8;5.099;496.008;-2.458;-1.421;446.308;750.8;61.79;-1.421;;;49.999;107.639;159.06;261850176.0
2017;Indonesia;566.109;2691.093;4.004;-1.868;266.93;265.81;11.45;147.96;3.483;3.647;1845.782;222.64;847.52;7.251;18.85;-3.99;476.217;-3.171;-3.163;432.153;727.05;55.83;-3.163;;;49.586;108.473;165.47;264498848.0
2018;Indonesia;655.729;3178.207;15.831;18.101;285.29;283.79;12.13;160.01;9.695;7.023;1975.415;235.41;874.4;3.172;17.95;-3.552;459.3;3.039;0.133;445.286;728.017;57.45;0.133;;;57.244;168.301;175.78;267066848.0
2019;Indonesia;801.231;3566.628;22.189;12.221;297.11;295.43;12.17;174.49;6.571;5.976;2093.457;247.39;852.238;-2.535;10.58;-3.378;443.785;-1.19;-7.168;439.988;675.834;62.32;-7.168;;;55.78;191.118;184.9;269582880.0
2005;Iran;18.103;12.449;13.346;27.124;176.39;177.07;0.0;0.57;5.914;5.635;1898.726;162.55;910.154;7.215;37.4;-0.46;2417.541;4.065;6.121;970.469;966.125;124.58;6.121;;;41.371;41.574;88.04;70182592.0
2006;Iran;17.474;13.209;-3.475;6.105;193.2;193.43;0.0;0.56;9.275;8.876;2067.248;174.79;991.934;8.985;49.11;1.323;2449.531;9.003;8.969;1057.84;1052.773;125.12;8.969;;;52.666;53.022;96.59;71275768.0
2007;Iran;18.215;13.321;4.244;0.848;202.44;203.12;0.0;0.57;6.307;6.558;2202.812;185.02;999.074;0.72;45.7;1.251;2480.164;12.07;12.099;1185.522;1180.144;138.75;12.099;;;50.781;51.18;100.88;72319424.0
2008;Iran;14.342;12.721;-21.263;-4.505;208.3;210.49;0.0;0.39;3.078;4.499;2301.915;202.85;1029.706;3.066;67.4;1.017;2505.398;6.102;4.705;1257.867;1235.674;135.06;4.705;;;20.901;21.452;113.86;73318400.0
2009;Iran;9.255;9.216;-35.471;-27.547;217.73;221.81;0.0;0.38;2.407;2.518;2359.876;214.86;1002.677;-2.625;65.07;-3.809;2409.96;7.161;9.847;1347.944;1357.356;149.41;9.847;;;18.775;19.413;119.23;74322688.0
2010;Iran;13.364;8.712;44.393;-5.469;231.99;235.68;0.01;0.35;1.778;1.388;2392.636;225.25;935.378;-6.712;51.05;2.323;2465.938;7.118;6.022;1443.894;1439.102;173.85;6.022;;;28.455;28.959;121.47;75373864.0
2011;Iran;13.733;9.312;2.765;6.887;230.58;235.59;0.02;0.43;4.457;4.45;2499.1;224.57;953.441;1.931;81.81;0.234;2471.704;6.097;4.917;1531.926;1509.863;142.33;4.917;0.283;0.11;29.473;30.13;127.62;76342968.0
2012;Iran;10.651;8.352;-22.442;-10.309;241.62;248.75;0.02;0.4;1.127;0.799;2519.074;234.5;982.968;3.097;77.74;-15.08;2098.968;-0.422;3.94;1525.455;1569.358;156.36;3.94;3.82;1.45;34.28;35.13;131.69;77324448.0
2013;Iran;8.863;8.408;-16.791;0.67;250.98;258.86;0.02;0.46;3.514;3.064;2596.271;239.74;1049.064;6.724;101.59;-5.988;1973.286;0.845;0.377;1538.345;1575.281;137.69;0.377;11.129;4.26;39.857;40.517;139.36;78458928.0
2014;Iran;10.552;8.713;19.067;3.628;269.74;275.63;0.05;0.53;4.107;4.231;2706.107;256.81;961.545;-8.343;64.28;2.578;2024.161;12.719;11.377;1734.009;1754.506;192.0;11.377;10.579;4.07;39.293;39.985;139.92;79961672.0
2015;Iran;12.695;9.896;20.304;13.572;277.57;280.24;0.02;0.46;-0.405;-0.212;2700.365;263.33;847.475;-11.863;56.26;3.56;2096.225;6.124;4.615;1840.195;1835.479;206.61;4.615;9.033;3.5;35.687;36.123;141.36;81790848.0
2016;Iran;10.56;10.351;-16.821;4.595;283.66;286.13;0.02;0.49;4.854;4.444;2820.377;264.06;846.627;-0.1;38.26;19.918;2513.76;6.684;8.605;1963.19;1993.419;225.31;8.605;16.632;6.47;41.285;41.786;138.03;83306232.0
2017;Iran;11.982;;13.466;0.0;300.85;305.17;0.02;0.63;3.727;3.579;2921.311;280.55;859.289;1.496;27.42;7.31;2697.528;4.424;7.278;2050.04;2138.501;252.5;7.278;17.768;6.96;45.859;47.012;143.93;84505080.0
2018;Iran;15.849;;32.276;0.0;308.64;312.35;0.02;0.63;3.394;4.107;3041.288;294.63;899.005;4.622;27.71;-5.308;2554.342;3.726;5.167;2126.434;2248.99;266.29;5.167;17.481;6.89;26.029;28.678;150.74;85617560.0
2019;Iran;18.933;;19.459;0.0;315.26;318.89;0.01;0.64;5.522;3.547;3149.172;277.37;946.344;5.266;32.22;-27.785;1844.619;2.702;3.558;2183.896;2329.001;244.51;3.558;16.215;6.41;89.267;92.55;143.8;86564208.0
2005;Italy;191.534;0.739;-0.766;-3.061;344.87;295.72;4.67;43.61;0.124;0.973;2058.696;247.29;1039.467;-3.073;54.35;12.228;71.067;7.018;-6.864;827.695;115.823;149.33;-6.864;0.0;0.0;103.275;141.554;149.15;58199876.0
2006;Italy;193.911;0.163;1.241;-77.895;351.66;306.67;5.11;44.21;-0.463;-0.778;2042.676;256.03;1038.177;-0.124;53.68;-5.389;67.237;-2.067;-9.047;810.588;105.345;158.14;-9.047;0.0;0.0;105.263;147.391;153.63;58429904.0
2007;Italy;189.848;1.229;-2.095;652.382;353.49;307.21;5.26;44.11;-1.907;-1.594;2010.122;259.49;1005.712;-3.127;42.67;1.352;68.146;0.49;-11.598;814.561;93.127;172.71;-11.598;0.0;0.0;92.788;138.178;152.92;58778480.0
2008;Italy;183.701;0.91;-3.238;-25.949;352.53;312.5;5.97;43.07;-1.694;-3.547;1938.828;254.34;946.612;-5.876;38.5;-10.526;60.973;-0.742;-5.342;808.515;88.152;172.77;-5.342;0.0;0.0;116.963;173.077;149.57;59224228.0
2009;Italy;143.823;0.56;-21.708;-38.462;332.54;287.58;7.56;39.74;-6.639;-9.069;1762.991;218.32;875.992;-7.46;31.22;-12.773;53.185;-8.081;-13.418;743.176;76.324;147.36;-13.418;0.0;0.0;137.228;208.715;129.87;59562844.0
2010;Italy;159.028;0.786;10.571;40.278;342.07;297.91;9.44;39.73;3.298;2.321;1803.918;220.93;853.391;-2.58;28.39;11.647;59.38;6.502;4.902;791.499;80.066;152.81;4.902;0.0;0.0;141.879;232.815;131.12;59822452.0
2011;Italy;178.27;0.716;12.1;-8.911;345.47;299.74;10.83;44.73;-1.906;-3.027;1749.311;216.78;828.881;-2.872;27.45;3.98;61.743;-6.234;0.515;742.161;80.478;144.6;0.515;0.0;0.0;126.41;248.601;131.18;60025952.0
2012;Italy;182.733;0.622;2.504;-13.043;339.58;296.48;12.49;49.14;-2.705;-4.619;1668.513;204.26;772.214;-6.837;25.98;1.648;62.76;-3.853;1.839;713.566;81.958;129.14;1.839;0.0;0.0;114.819;275.365;126.9;60190152.0
2013;Italy;157.403;0.568;-13.862;-8.75;329.21;287.07;17.08;45.1;-4.387;-8.224;1531.288;175.07;706.48;-8.512;21.06;1.948;63.983;-6.469;-10.106;667.404;73.675;108.91;-10.106;0.0;0.0;143.831;327.312;111.71;60312600.0
2014;Italy;153.447;0.669;-2.513;17.808;321.16;277.44;18.72;43.45;-5.18;-7.631;1414.442;156.76;671.279;-4.983;19.65;4.787;67.046;-11.64;-7.573;589.716;68.096;93.66;-7.573;0.0;0.0;158.604;347.878;102.45;60322792.0
2015;Italy;143.395;0.63;-6.551;-5.814;327.33;280.95;19.39;43.2;2.976;5.836;1496.994;172.06;710.444;5.834;17.98;-5.112;63.618;9.062;-5.285;643.154;64.497;110.88;-5.285;0.0;0.0;122.631;317.772;109.38;60232908.0
2016;Italy;127.732;0.0;-10.923;-100.0;324.23;287.2;19.5;35.61;0.395;0.734;1507.98;179.19;704.79;-0.796;17.41;-31.273;43.723;5.023;-14.573;675.458;55.098;126.17;-14.573;0.0;0.0;113.592;313.951;110.21;60118628.0
2017;Italy;111.904;;-12.392;;331.09;293.33;19.37;32.63;1.163;2.215;1541.387;189.44;713.695;1.263;16.45;10.339;48.244;5.971;-4.296;715.788;52.731;140.36;-4.296;0.0;0.0;96.335;301.734;114.0;60004024.0
2018;Italy;102.567;;-8.344;;331.29;287.39;19.14;28.47;0.571;-1.061;1525.036;172.98;730.328;2.331;15.95;12.921;54.477;-3.304;-1.59;692.141;51.892;128.56;-1.59;;0.0;129.177;328.604;104.59;59877432.0
2019;Italy;77.534;;-24.406;;329.49;291.35;19.55;18.84;-1.839;-2.003;1494.493;175.52;709.052;-2.913;14.98;-8.66;49.76;2.278;-10.945;707.906;46.212;141.7;-10.945;;0.0;122.194;325.063;102.57;59727936.0
2005;Japan;1334.814;6.716;4.765;-16.805;1015.16;1015.16;18.39;267.29;0.345;0.682;5157.83;634.09;2995.735;-1.544;154.87;9.044;9.716;2.635;7.367;827.28;39.49;211.93;7.367;805.187;280.5;222.091;300.02;441.07;127798376.0
2006;Japan;1312.142;8.202;-1.699;22.118;1032.38;1032.38;18.38;262.56;-0.229;-1.391;5086.065;628.77;2888.42;-3.582;130.05;0.993;9.812;7.038;10.242;885.503;43.534;236.16;10.242;830.847;291.54;252.692;331.792;432.1;127902168.0
2007;Japan;1377.404;8.585;4.974;4.667;1073.51;1073.51;19.86;280.01;-1.071;0.869;5130.279;705.37;2798.975;-3.097;163.41;3.708;10.176;7.724;6.247;953.901;46.254;261.95;6.247;757.055;267.34;210.685;294.473;482.15;128006424.0
2008;Japan;1414.781;7.405;2.714;-13.741;1005.92;1005.92;17.17;266.92;-1.756;-0.572;5100.908;663.88;2695.132;-3.71;137.14;3.86;10.569;3.889;-0.46;990.995;46.041;259.82;-0.46;678.833;241.25;211.216;293.497;451.09;128077632.0
2009;Japan;1186.947;7.724;-16.104;4.31;977.19;977.19;16.89;257.31;-8.754;-11.246;4527.235;611.86;2415.507;-10.375;86.81;-7.604;9.765;-6.682;-3.704;924.78;44.335;267.74;-3.704;736.029;263.05;196.792;278.349;412.1;128117040.0
2010;Japan;1352.734;5.531;13.968;-28.396;1082.17;1082.17;20.47;293.24;6.604;5.821;4790.777;689.89;2438.675;0.959;94.86;-4.551;9.321;8.065;-7.89;999.367;40.837;301.79;-7.89;778.668;278.36;245.646;338.129;465.09;128105432.0
2011;Japan;1282.65;7.669;-5.181;38.659;1046.98;1046.98;20.06;267.62;-5.281;1.049;4841.036;777.1;2438.134;-0.022;152.9;-4.062;8.942;12.096;-0.109;1120.252;40.793;356.58;-0.109;431.3;153.38;227.552;323.242;510.05;128007256.0
2012;Japan;1354.199;7.968;5.578;3.896;1046.6;1046.6;21.06;314.75;-0.769;7.189;5189.08;920.39;2602.73;6.751;195.62;-3.594;8.621;9.989;-4.651;1232.151;38.895;410.02;-4.651;47.338;15.12;211.403;316.12;603.25;127853688.0
2013;Japan;1409.438;8.158;4.079;2.39;1029.79;1029.79;22.05;341.72;-0.729;-1.074;5133.329;897.88;2488.522;-4.388;156.91;-1.327;8.506;0.261;-8.665;1235.369;35.525;399.25;-8.665;38.191;10.43;216.212;340.565;593.55;127678920.0
2014;Japan;1385.735;8.862;-1.682;8.631;1028.71;1028.71;22.86;341.57;-2.53;-2.663;4996.624;892.18;2363.367;-5.029;117.52;-4.816;8.097;0.984;-6.669;1247.521;33.156;433.09;-6.669;0.0;0.0;221.357;376.032;583.07;127476728.0
2015;Japan;1397.981;7.936;0.884;-10.455;1004.81;1004.81;27.83;338.67;-1.417;-2.864;4853.515;844.23;2268.357;-4.02;101.16;-3.933;7.778;-4.837;-1.118;1187.176;32.785;404.4;-1.118;11.692;3.24;230.963;431.317;557.02;127250936.0
2016;Japan;1395.385;9.085;-0.186;14.486;1004.97;1004.97;24.34;331.98;-1.282;-1.9;4761.283;832.4;2201.723;-2.938;94.78;-20.318;6.198;-1.938;3.007;1164.174;33.77;405.64;3.007;45.414;14.87;212.626;421.931;547.37;126993856.0
2017;Japan;1415.963;9.411;1.475;3.588;1008.99;1008.99;27.95;326.62;1.219;-0.12;4755.587;806.12;2169.759;-1.452;70.92;0.0;;0.489;0.0;1169.865;;408.58;0.0;74.247;27.75;211.017;462.508;529.22;126662464.0
2018;Japan;1386.597;6.715;-2.074;-28.65;1012.06;1012.06;30.85;321.95;-0.533;-2.36;4643.376;780.61;2099.697;-3.229;61.87;0.0;;-1.093;0.0;1157.082;;396.79;0.0;124.672;47.82;214.586;496.084;514.53;126255872.0
2019;Japan;1362.594;4.893;-1.731;-27.131;992.26;992.26;33.39;319.04;-2.34;-3.566;4477.786;735.66;2033.96;-3.131;38.97;0.0;;-6.555;0.0;1081.233;;377.65;0.0;166.025;63.88;194.114;497.13;487.82;125791680.0
2005;Mexico;133.43;70.614;26.211;3.317;229.7;231.37;7.58;30.55;9.578;9.457;1886.799;178.76;1226.246;7.769;67.68;-1.869;2168.895;9.767;19.674;527.123;443.119;80.53;19.674;29.689;10.32;79.344;103.126;114.69;105442400.0
2006;Mexico;143.198;78.72;7.321;11.479;236.01;236.79;6.79;28.77;1.464;1.278;1910.914;182.76;1184.833;-3.377;48.8;-2.116;2123.0;10.578;9.344;582.883;484.522;105.19;9.344;29.67;10.4;86.633;108.593;111.94;106886792.0
2007;Mexico;131.584;84.943;-8.111;7.906;242.75;243.92;7.47;28.58;0.941;1.439;1938.41;191.83;1236.413;4.353;46.66;-5.65;2003.05;-2.139;-3.289;570.414;468.586;116.59;-3.289;28.275;9.95;77.306;101.773;116.0;108302976.0
2008;Mexico;117.545;80.504;-10.669;-5.226;245.99;247.09;7.09;19.16;4.112;2.837;1993.404;184.51;1275.893;3.193;47.48;-8.904;1824.703;5.181;0.794;599.966;472.306;117.87;0.794;26.437;9.36;110.221;133.683;109.65;109684496.0
2009;Mexico;119.746;70.741;1.873;-12.128;244.55;245.45;6.79;26.5;-1.685;-0.12;1991.019;194.75;1219.584;-4.413;43.9;-6.522;1705.704;8.621;11.333;651.688;525.831;124.35;11.333;28.142;10.11;74.627;98.068;115.97;111049424.0
2010;Mexico;148.119;85.135;23.694;20.348;263.46;264.41;7.02;30.54;0.3;-0.559;1979.88;207.38;1171.315;-3.958;41.27;-0.725;1693.334;1.344;-2.672;660.445;511.778;135.57;-2.672;15.659;5.66;103.135;128.041;123.17;112532400.0
2011;Mexico;171.327;108.967;15.669;27.993;279.54;280.24;6.91;31.7;4.54;4.428;2067.558;219.88;1188.146;1.437;45.82;-0.743;1680.75;7.213;1.8;708.085;520.99;142.36;1.8;26.708;9.66;100.058;125.715;130.65;114150480.0
2012;Mexico;149.266;86.335;-12.877;-20.77;285.81;284.75;6.36;32.2;0.895;1.543;2099.47;229.14;1213.666;2.148;52.42;-0.447;1673.237;4.018;-2.397;736.538;508.502;144.52;-2.397;23.074;8.41;87.497;117.308;136.47;115755912.0
2013;Mexico;148.227;83.299;-0.696;-3.516;287.25;287.28;6.91;29.96;0.063;0.087;2101.287;231.23;1175.11;-3.177;45.02;-1.238;1652.521;5.623;3.221;777.951;524.88;156.25;3.221;30.86;11.38;76.37;109.124;135.32;117290680.0
2014;Mexico;147.939;84.369;-0.194;1.285;289.66;290.19;6.64;31.41;-0.614;-2.064;2057.915;223.43;1121.492;-4.563;30.21;-3.341;1597.31;1.354;-2.264;788.484;512.998;161.81;-2.264;25.157;9.3;105.364;144.436;129.07;118755888.0
2015;Mexico;147.65;79.913;-0.195;-5.282;297.21;297.88;7.12;31.48;-1.101;-0.711;2043.285;234.28;1087.805;-3.004;29.11;-6.997;1485.55;2.453;-6.536;807.829;479.469;173.69;-6.536;29.917;11.18;83.19;129.777;134.13;120149896.0
2016;Mexico;144.633;70.601;-2.043;-11.652;303.28;303.02;7.02;31.78;2.263;2.41;2092.532;239.78;1117.598;2.739;30.92;-4.867;1413.242;2.782;-8.959;830.3;436.514;177.08;-8.959;27.146;10.27;82.178;133.164;137.26;121519224.0
2017;Mexico;176.753;85.622;22.208;21.275;309.49;309.14;7.51;28.54;1.908;1.677;2127.615;242.69;1090.527;-2.422;35.94;-9.82;1274.469;3.617;-12.332;860.335;382.684;178.21;-12.332;27.792;10.57;84.756;140.415;138.87;122839256.0
2018;Mexico;157.545;77.661;-10.867;-9.299;333.27;332.02;7.5;28.47;-1.313;-2.168;2081.49;259.92;1021.209;-6.356;35.0;-6.556;1190.915;4.928;-1.018;902.736;378.788;196.45;-1.018;34.414;13.32;85.948;149.786;147.18;124013864.0
2019;Mexico;150.415;64.017;-4.526;-17.569;318.9;318.08;6.65;29.15;-1.159;-1.207;2056.365;248.2;972.057;-4.813;31.04;-7.226;1104.854;3.451;-3.083;933.893;367.109;188.01;-3.083;28.304;10.88;62.23;154.77;140.67;125085312.0
2005;Russia;1099.903;1576.912;-5.324;-1.123;889.43;901.81;0.43;156.11;-0.136;-0.131;6597.732;590.64;1493.819;0.359;20.02;2.488;5522.15;1.209;1.184;4004.01;5894.742;414.51;1.184;410.636;137.64;494.257;495.534;351.04;143800048.0
2006;Russia;1128.363;1639.597;2.588;3.975;926.61;942.42;0.48;168.64;4.438;4.814;6915.315;623.48;1569.591;5.072;22.99;2.408;5655.137;5.328;2.597;4217.361;6047.812;431.85;2.597;427.139;144.65;493.066;494.482;372.01;143338672.0
2007;Russia;1092.244;1668.905;-3.201;1.787;948.12;960.92;0.45;160.07;0.528;0.387;6942.083;634.93;1561.667;-0.505;16.24;2.278;5783.959;1.679;-0.524;4288.172;6016.131;458.62;-0.524;434.296;147.99;500.616;501.956;373.5;143117680.0
2008;Russia;1171.354;1732.405;7.243;3.805;967.32;984.95;0.46;185.52;0.461;0.985;7010.48;667.2;1611.649;3.201;15.19;-0.619;5748.177;-1.415;1.636;4227.477;6114.53;466.49;1.636;439.759;152.06;463.041;464.386;397.24;143086544.0
2009;Russia;1071.749;1648.552;-8.503;-4.84;925.42;940.28;0.47;154.82;-4.958;-5.913;6595.961;612.39;1546.319;-4.054;15.11;1.438;5830.85;-5.904;-12.309;3977.893;5361.897;442.46;-12.309;438.381;152.78;486.488;487.848;360.48;143163648.0
2010;Russia;1053.018;1755.623;-1.748;6.495;965.89;983.34;0.51;156.67;3.887;4.566;6897.14;656.44;1604.92;3.79;8.78;2.185;5958.23;6.569;11.6;4239.202;5983.868;490.99;11.6;453.888;159.41;462.089;463.549;381.26;143242592.0
2011;Russia;1093.418;1832.62;3.837;4.386;976.87;999.42;0.52;155.01;3.405;3.978;7171.495;670.52;1721.716;7.277;25.81;1.395;6041.363;2.764;3.082;4356.361;6168.277;489.7;3.082;457.809;162.02;449.813;451.325;391.19;143364544.0
2012;Russia;1144.69;1957.161;4.689;6.796;998.25;1014.73;0.47;159.39;0.592;0.561;7211.754;681.59;1780.806;3.432;26.48;1.4;6125.936;-1.609;-2.427;4286.259;6018.549;495.72;-2.427;467.118;166.29;448.181;449.555;398.25;143629360.0
2013;Russia;1052.713;2013.351;-8.035;2.871;990.72;1004.4;0.45;152.73;-1.179;-1.738;7086.412;660.98;1785.025;0.237;8.21;1.042;6189.76;-0.877;2.1;4248.674;6144.962;500.04;2.1;451.16;161.38;493.712;495.035;382.42;143956864.0
2014;Russia;1018.227;2053.763;-3.276;2.007;1000.45;1008.5;0.52;149.38;0.311;0.414;7115.749;662.92;1875.539;5.071;10.1;0.976;6250.202;-0.628;-3.798;4221.982;5911.551;503.44;-3.798;469.904;169.07;469.743;471.897;382.64;144285072.0
2015;Russia;1071.356;2167.134;5.218;5.52;999.4;1011.06;0.45;149.57;-1.576;-2.042;6970.462;658.86;1812.358;-3.369;9.53;1.327;6333.144;-3.203;-1.136;4086.748;5844.396;499.76;-1.136;505.127;182.81;452.402;454.966;380.56;144668384.0
2016;Russia;1037.977;2255.871;-3.116;4.095;1019.63;1034.13;0.42;161.65;2.044;1.717;7090.127;663.99;1845.685;1.839;10.34;2.557;6495.112;2.929;0.827;4206.464;5892.753;492.0;0.827;505.078;184.05;494.213;497.423;387.65;145109152.0
2017;Russia;976.106;2393.454;-5.961;6.099;1026.54;1037.14;0.49;164.82;0.606;0.508;7126.127;660.38;1839.015;-0.361;6.58;0.012;6495.898;2.485;7.855;4311.006;6355.609;488.98;7.855;518.774;190.12;492.772;496.759;386.24;145452544.0
2018;Russia;1007.856;2562.787;3.253;7.075;1034.99;1047.59;0.48;167.77;3.686;4.028;7413.197;672.83;1860.349;1.16;7.55;1.672;6604.501;5.428;5.278;4544.993;6691.058;497.51;5.278;519.396;181.76;504.375;509.159;393.57;145652288.0
2019;Russia;990.76;2563.601;-1.696;0.032;1045.15;1063.58;0.49;177.59;-0.753;-1.113;7330.662;670.79;1896.775;1.958;8.07;0.969;6668.512;-2.241;1.483;4443.127;6790.269;485.13;1.483;528.623;195.54;512.37;518.885;396.19;145742288.0
2005;Saudi Arabia;0.325;0.0;98.528;;191.05;191.05;0.0;0.0;6.382;6.382;1811.106;191.05;1134.001;5.163;83.12;4.838;6008.386;8.465;8.465;676.78;676.78;107.93;8.465;;;;;111.07;24397652.0
2006;Saudi Arabia;0.231;0.0;-29.136;;196.31;196.31;0.0;0.0;4.918;4.918;1900.17;196.31;1202.06;6.002;91.76;-1.488;5918.979;3.118;3.118;697.88;697.88;104.55;3.118;;;;;115.46;25382870.0
2007;Saudi Arabia;0.645;0.0;179.861;;204.43;204.43;0.0;0.0;2.31;2.31;1944.057;204.43;1236.422;2.859;101.72;-3.93;5686.37;1.305;1.305;706.99;706.99;102.71;1.305;;;;;121.53;26400066.0
2008;Saudi Arabia;0.746;0.0;15.692;;204.2;204.2;0.0;0.0;9.486;9.486;2128.462;204.2;1363.536;10.281;103.49;4.302;5931.0;8.089;8.089;764.18;764.18;100.71;8.089;;;;;121.79;27437352.0
2009;Saudi Arabia;0.273;0.0;-63.362;;217.31;217.31;0.0;0.0;3.602;3.602;2205.136;217.31;1459.588;7.044;123.22;-9.994;5338.254;-2.474;-2.474;745.275;745.275;94.09;-2.474;;;;;132.35;28483800.0
2010;Saudi Arabia;0.786;0.0;187.424;;240.06;240.06;0.0;0.0;11.154;11.154;2451.095;240.06;1617.539;10.822;139.16;0.935;5388.187;11.74;11.74;832.77;832.77;100.9;11.74;;;;;146.85;29411930.0
2011;Saudi Arabia;0.766;0.0;-2.591;;250.01;250.08;0.0;0.0;4.332;4.332;2557.276;250.07;1680.04;3.864;139.12;12.821;6079.007;5.248;5.248;876.47;876.47;110.95;5.248;;;;;151.75;30150952.0
2012;Saudi Arabia;0.898;0.0;17.253;;271.66;271.71;0.0;0.0;6.136;6.134;2714.14;271.68;1769.607;5.331;145.83;5.075;6387.493;7.663;7.663;943.635;943.635;125.85;7.663;;;;;163.75;30821554.0
2013;Saudi Arabia;1.149;0.0;27.984;;284.01;284.06;0.0;0.0;0.627;0.625;2731.104;284.02;1779.671;0.569;145.95;-1.969;6261.744;0.705;0.705;950.285;950.285;138.07;0.705;;;;;169.81;31482502.0
2014;Saudi Arabia;1.593;0.0;38.631;;311.81;311.86;0.0;0.0;7.341;7.341;2931.593;311.81;1957.39;9.986;168.78;1.005;6324.668;2.349;2.349;972.61;972.61;143.03;2.349;;;;;188.23;32125570.0
2015;Saudi Arabia;1.036;0.0;-34.934;;338.34;338.39;0.0;0.0;4.261;4.261;3056.502;338.34;2063.19;5.405;183.66;4.452;6606.238;2.022;2.022;992.275;992.275;154.68;2.022;;;;;204.35;32749838.0
2016;Saudi Arabia;0.855;0.0;-17.475;;336.71;337.43;0.0;0.0;4.031;4.031;3179.721;337.38;2125.696;3.03;170.4;3.288;6823.463;6.137;6.137;1053.17;1053.17;166.98;6.137;;;;;201.1;33416272.0
2017;Saudi Arabia;1.34;;56.617;;354.34;354.37;0.0;0.0;0.062;0.06;3181.633;354.3;2087.792;-1.783;165.76;-4.669;6504.885;3.735;3.735;1092.502;1092.502;188.54;3.735;;;;;208.41;34193120.0
2018;Saudi Arabia;1.114;;-16.803;;334.83;334.86;0.0;0.0;-2.519;-2.527;3101.243;334.7;1979.128;-5.205;134.67;3.128;6708.389;2.609;2.609;1121.0;1121.0;200.03;2.609;;;;;192.29;35018132.0
2019;Saudi Arabia;1.173;;5.211;;335.75;335.45;0.0;0.0;-4.139;-4.144;2972.727;335.24;1860.054;-6.017;129.21;-3.511;6472.84;-0.847;-0.847;1111.5;1111.5;206.03;-0.847;;;;;191.41;35827364.0
2005;South Africa;930.264;1609.39;-7.813;0.94;225.0;229.22;0.4;215.15;-5.346;-5.116;1263.038;215.23;298.219;0.177;0.0;-34.733;23.823;41.951;-8.374;34.555;20.173;0.08;-8.374;31.029;12.24;3.814;5.311;176.73;49017156.0
2006;South Africa;947.528;1607.892;1.856;-0.093;232.79;236.6;0.38;223.23;2.054;2.054;1288.987;223.25;304.012;1.943;0.0;-34.13;15.692;8.369;55.914;37.447;31.453;0.02;55.914;27.375;10.07;8.245;9.699;183.34;49491764.0
2007;South Africa;972.977;1609.144;2.686;0.078;243.66;246.81;0.41;231.74;2.725;2.494;1321.134;232.91;310.248;2.051;1.09;-18.991;12.712;1.234;-47.241;37.909;16.594;0.08;-47.241;30.707;12.6;8.103;10.352;191.09;49996096.0
2008;South Africa;1085.503;1639.577;11.565;1.891;237.13;240.73;0.43;226.11;7.158;7.403;1418.935;226.32;294.213;-5.168;0.13;-10.369;11.394;3.457;-11.111;39.219;14.75;0.08;-11.111;35.066;12.75;3.54;5.696;185.82;50565816.0
2009;South Africa;1091.169;1625.19;0.522;-0.877;229.84;231.6;0.42;218.11;-0.444;-0.421;1412.956;218.17;288.546;-1.926;0.05;-56.894;4.911;-15.246;-22.059;33.24;11.497;0.01;-22.059;34.318;11.57;4.054;5.939;179.16;51170780.0
2010;South Africa;1079.536;1675.924;-1.066;3.122;240.51;242.98;0.37;226.62;0.66;0.64;1422.004;227.57;301.247;4.402;0.19;-6.25;4.604;24.009;-8.491;41.221;10.52;0.76;-8.491;36.028;12.9;3.172;4.767;186.62;51784928.0
2011;South Africa;1052.656;1665.342;-2.49;-0.631;241.42;244.49;0.39;227.56;-1.22;-1.53;1400.246;229.06;304.78;1.173;0.67;6.667;4.911;3.855;31.959;42.809;13.883;0.83;31.959;34.154;12.94;8.452;10.558;187.78;52443320.0
2012;South Africa;1027.384;1704.554;-2.401;2.355;235.87;240.9;0.4;223.38;-1.54;-1.192;1383.55;226.84;312.593;2.563;1.8;-0.807;4.872;1.784;-14.063;43.573;11.93;1.66;-14.063;34.119;12.4;2.793;5.034;185.51;53145036.0
2013;South Africa;1027.612;1689.397;0.022;-0.889;234.01;238.51;0.45;217.07;0.443;0.197;1386.273;223.28;318.117;1.767;3.41;-4.398;4.658;-6.953;7.273;40.544;12.798;2.8;7.273;36.891;13.61;3.009;5.841;182.05;53873608.0
2014;South Africa;1040.72;1721.115;1.276;1.877;233.9;236.56;0.34;212.05;1.155;0.801;1397.379;218.42;313.677;-1.396;3.47;-7.553;4.306;6.015;-19.492;42.982;10.304;2.9;-19.492;35.859;14.76;4.863;12.273;178.07;54729556.0
2015;South Africa;976.488;1656.773;-6.172;-3.738;230.39;231.94;0.39;207.38;-1.999;-2.261;1365.778;214.88;346.104;10.338;3.76;0.0;4.306;0.475;15.789;43.186;11.93;3.74;15.789;31.622;10.97;1.966;19.212;174.9;55876504.0
2016;South Africa;1050.054;1670.44;7.534;0.825;230.0;235.99;0.31;209.1;4.497;3.857;1418.46;213.09;331.859;-4.116;3.99;-37.015;2.712;-15.375;-11.727;36.547;10.531;0.0;-11.727;38.6;15.21;1.67;23.262;174.7;56422272.0
2017;South Africa;1032.945;1659.066;-1.629;-0.681;231.27;237.9;0.37;212.74;-0.389;-0.981;1404.552;212.77;331.498;-0.109;0.03;0.0;;9.748;0.0;40.109;;0.0;0.0;36.246;15.09;2.065;33.772;175.0;56641208.0
2018;South Africa;980.26;1670.399;-5.1;0.683;232.33;237.03;0.41;214.13;-3.789;-3.518;1355.136;214.25;330.768;-0.22;0.12;0.0;;9.969;0.0;44.108;;0.0;0.0;29.4;10.56;2.918;34.168;176.19;57339632.0
2019;South Africa;1044.748;1672.676;6.579;0.136;229.39;234.56;0.41;207.16;4.452;4.338;1413.921;208.39;326.562;-1.272;1.23;0.0;;-3.392;0.0;42.612;;0.0;0.0;33.521;13.6;1.953;34.429;171.3;58087060.0
2005;South Korea;637.272;14.821;3.002;-11.25;364.38;364.38;0.24;140.39;3.388;2.12;2212.235;222.77;1257.238;0.509;22.14;;0.0;7.069;;317.726;5.703;60.24;;403.308;137.59;10.518;11.917;161.94;47889576.0
2006;South Korea;658.867;14.779;3.389;-0.282;379.64;379.64;0.23;144.32;1.641;1.816;2252.407;234.52;1258.553;0.105;20.01;;0.0;5.432;-10.896;334.986;5.082;70.19;-10.896;406.15;141.18;9.867;12.025;168.56;48049348.0
2007;South Korea;693.764;15.607;5.297;5.602;402.78;402.78;0.36;160.9;2.994;4.28;2348.815;261.76;1292.233;2.676;21.24;;0.0;8.308;-19.178;362.818;4.107;79.62;-19.178;387.842;136.6;10.269;13.871;187.63;48220600.0
2008;South Korea;768.741;14.996;10.807;-3.915;419.75;419.75;0.62;180.87;1.661;1.087;2374.351;271.1;1232.242;-4.642;13.05;;0.0;2.908;-38.701;373.368;2.518;77.18;-38.701;407.061;144.26;8.627;14.802;197.22;48398632.0
2009;South Korea;797.76;13.623;3.775;-9.16;426.91;426.91;0.51;197.14;0.55;1.061;2399.555;281.14;1246.88;1.188;17.2;;0.0;-4.942;130.463;354.915;5.802;66.8;130.463;396.007;141.12;7.856;16.029;208.34;48588024.0
2010;South Korea;897.159;11.27;12.46;-17.269;477.69;477.69;2.82;210.44;8.025;9.242;2621.323;327.56;1273.999;2.175;16.5;;0.0;26.837;7.988;450.165;6.266;100.62;7.988;395.775;141.89;10.22;20.114;235.91;48813036.0
2011;South Korea;973.284;11.27;8.485;0.0;500.35;500.35;5.68;213.68;4.632;4.705;2744.645;340.3;1286.906;1.013;14.81;;0.0;7.617;-16.144;484.455;5.254;111.81;-16.144;409.582;147.76;12.683;23.665;243.63;49169880.0
2012;South Korea;937.801;10.959;-3.646;-2.761;511.28;511.28;6.41;212.35;1.212;1.874;2796.073;354.97;1332.985;3.581;18.98;;0.0;8.428;-3.684;525.286;5.061;123.64;-3.684;395.534;143.55;10.883;24.814;251.36;49634188.0
2013;South Korea;948.357;9.499;1.126;-13.324;517.21;517.21;7.17;213.17;0.373;1.325;2833.132;370.13;1335.017;0.152;19.13;;0.0;4.659;6.18;549.758;5.373;137.83;6.18;362.962;132.46;11.69;32.313;259.18;50098228.0
2014;South Korea;981.557;9.148;3.501;-3.691;524.59;524.59;10.76;217.06;0.875;-0.768;2811.387;357.75;1329.79;-0.392;13.15;;0.0;-9.044;-30.505;500.04;3.734;127.54;-30.505;406.601;149.17;7.454;38.667;254.17;50558044.0
2015;South Korea;993.216;9.232;1.188;0.915;524.7;524.7;11.4;219.85;1.762;1.142;2843.49;348.3;1393.777;4.812;12.16;;0.0;-8.708;-41.615;456.497;2.18;116.29;-41.615;425.773;157.16;5.778;44.779;250.55;50994396.0
2016;South Korea;947.837;9.033;-4.569;-2.154;536.03;536.03;11.36;220.13;2.972;3.527;2943.789;360.46;1519.515;9.021;16.42;;0.0;4.368;-18.085;476.437;1.786;123.91;-18.085;416.145;154.2;7.62;52.604;257.53;51309984.0
2017;South Korea;1002.235;8.169;5.739;-9.565;541.06;541.06;13.44;237.66;1.0;2.058;3004.366;373.8;1504.568;-0.984;9.42;;;4.434;0.0;497.564;;126.72;0.0;379.047;141.28;7.475;63.251;268.8;51511640.0
2018;South Korea;1007.749;6.601;0.55;-19.192;562.28;562.28;13.93;240.49;1.698;2.7;3085.488;405.79;1499.699;-0.324;10.13;;;16.174;0.0;578.04;;155.17;0.0;338.947;127.08;8.888;80.754;285.61;51676900.0
2019;South Korea;955.366;5.963;-5.198;-9.667;554.4;554.4;13.02;229.62;-1.133;-2.683;3002.699;383.8;1486.995;-0.847;7.48;;;-3.062;0.0;560.338;;146.7;0.0;369.074;138.68;7.351;93.703;270.8;51803832.0
2005;Spain;238.566;77.06;-2.546;-4.276;283.12;284.46;2.65;79.06;0.685;3.872;1500.008;184.65;914.422;0.862;26.58;-48.565;1.914;18.562;-53.352;347.02;1.868;79.01;-53.352;158.101;57.54;51.175;123.338;124.12;43685372.0
2006;Spain;208.27;72.606;-12.699;-5.78;291.98;295.26;2.77;66.74;1.446;-0.538;1491.931;182.98;920.487;0.663;25.67;-3.189;1.853;4.655;-56.328;363.174;0.816;90.57;-56.328;164.17;60.13;73.668;151.099;119.33;44422824.0
2007;Spain;233.03;68.21;11.889;-6.055;295.78;301.53;2.9;72.8;2.193;2.545;1529.9;188.13;927.297;0.74;20.53;-8.234;1.701;1.762;-75.342;369.573;0.201;94.8;-75.342;149.515;55.1;77.005;167.411;122.83;45245784.0
2008;Spain;157.052;50.87;-32.605;-25.422;299.63;310.67;3.26;48.71;-2.762;-4.691;1458.139;189.55;895.166;-3.465;20.04;-2.692;1.655;9.835;-9.932;405.922;0.181;120.8;-9.932;159.022;58.97;66.126;178.654;115.66;45966544.0
2009;Spain;109.671;44.312;-30.169;-12.89;283.43;291.53;3.49;35.91;-7.295;-9.98;1312.613;164.69;839.865;-6.178;21.03;-12.602;1.446;-10.555;-11.965;363.077;0.16;107.75;-11.965;141.394;52.76;73.595;210.799;99.74;46367772.0
2010;Spain;80.212;38.329;-26.861;-13.502;289.82;298.15;4.01;25.33;2.708;-4.047;1259.497;138.39;817.32;-2.684;18.21;10.074;1.592;-0.306;261.442;361.965;0.577;94.85;261.442;164.103;61.99;116.673;286.282;83.52;46572776.0
2011;Spain;148.759;30.799;85.457;-19.648;285.28;291.37;4.61;43.98;-1.886;0.454;1265.217;146.12;779.997;-4.567;16.63;-15.761;1.341;-7.046;1.976;336.461;0.588;85.51;1.976;152.825;57.72;84.404;259.587;93.0;46729232.0
2012;Spain;180.172;28.613;21.116;-7.097;282.57;293.77;4.98;55.07;-0.555;-1.875;1241.496;145.33;729.068;-6.529;16.95;38.938;1.863;-1.25;13.901;332.256;0.67;73.31;13.901;161.737;61.47;56.333;265.093;96.44;46756084.0
2013;Spain;132.547;20.498;-26.433;-28.361;274.72;281.47;5.8;39.94;-5.001;-9.697;1121.107;113.32;685.279;-6.006;15.84;143.676;4.54;-8.721;-2.059;303.281;0.656;57.54;-2.059;148.369;56.73;100.241;315.414;76.16;46603460.0
2014;Spain;135.362;18.932;2.123;-7.637;271.53;274.94;5.41;43.81;-1.851;-2.41;1094.091;107.37;683.491;-0.261;16.29;-14.824;3.867;-9.246;-58.973;275.239;0.269;47.27;-58.973;148.972;57.31;106.113;312.488;74.58;46464548.0
2015;Spain;159.173;14.49;17.591;-23.467;277.35;277.48;5.76;51.37;1.248;5.214;1151.134;123.19;706.523;3.37;19.32;-25.559;2.879;3.705;160.229;285.438;0.7;52.5;160.229;148.086;57.2;75.78;275.743;85.27;46431344.0
2016;Spain;122.07;7.976;-23.31;-44.952;278.86;271.19;5.69;36.43;0.953;-0.663;1143.498;107.93;730.212;3.353;18.67;-42.521;1.655;2.024;-12.903;291.216;0.61;52.83;-12.903;150.585;58.63;97.406;295.892;72.9;46473320.0
2017;Spain;156.41;13.117;28.131;64.445;282.07;272.9;6.08;45.13;1.141;5.599;1207.517;126.93;733.986;0.517;17.76;0.0;;8.896;0.0;317.121;;64.04;0.0;148.404;58.04;48.76;252.19;84.59;46584168.0
2018;Spain;134.022;10.268;-14.314;-21.718;282.98;271.88;5.91;37.34;1.801;-0.867;1197.051;112.23;748.057;1.917;16.89;0.0;;-0.678;0.0;314.973;;58.0;0.0;141.58;55.77;90.838;298.448;74.88;46792044.0
2019;Spain;58.984;0.685;-55.989;-93.33;277.75;270.89;5.57;12.86;-2.791;-2.472;1167.457;111.55;748.729;0.09;14.98;0.0;;14.215;0.0;359.745;;83.71;0.0;147.41;58.35;59.273;276.517;65.96;47131372.0
2005;Turkey;257.686;130.419;0.321;6.473;160.39;161.55;0.03;42.2;2.254;4.947;882.937;121.81;368.018;-1.275;6.13;2.666;27.942;21.517;30.378;257.232;9.552;73.48;30.378;;0.0;113.278;113.815;75.86;68704712.0
2006;Turkey;304.334;153.051;18.103;17.353;174.51;176.17;0.06;45.61;10.944;10.87;978.912;131.65;382.608;3.964;5.35;-3.463;26.974;13.505;0.892;291.97;9.637;80.69;0.892;;0.0;125.893;126.921;81.75;69601328.0
2007;Turkey;342.666;172.089;12.596;12.439;189.85;191.41;0.09;52.33;6.197;9.418;1071.11;154.95;389.536;1.811;7.59;-2.742;26.235;16.076;-1.326;338.907;9.51;95.03;-1.326;;0.0;101.372;103.246;95.67;70468864.0
2008;Turkey;344.201;193.919;0.448;12.685;197.98;198.31;0.14;56.38;0.34;0.961;1081.406;163.89;384.222;-1.364;8.83;1.697;26.68;4.153;13.997;352.982;10.841;98.68;13.997;;0.0;93.49;96.938;101.61;71320728.0
2009;Turkey;359.344;202.385;4.399;4.366;194.0;194.73;0.25;54.23;1.351;0.575;1087.622;156.58;391.056;1.779;6.25;10.808;29.563;-4.465;-32.743;337.222;7.291;96.1;-32.743;;0.0;100.421;106.646;96.9;72225648.0
2010;Turkey;365.624;203.804;1.748;0.701;210.29;211.06;0.33;53.37;5.489;1.602;1105.042;155.34;381.208;-2.518;3.83;4.612;30.927;6.224;-0.348;358.21;7.266;98.14;-0.348;;0.0;143.762;154.778;95.91;73195352.0
2011;Turkey;394.01;207.816;7.764;1.969;230.19;229.28;0.34;64.59;6.838;7.275;1185.431;171.19;373.021;-2.148;2.55;-5.379;29.263;16.803;11.33;418.399;8.089;104.05;11.33;;0.0;144.384;160.539;107.14;74173856.0
2012;Turkey;424.437;197.908;7.722;-4.768;242.25;239.38;0.59;66.33;6.198;5.409;1249.552;174.17;391.923;5.067;3.34;-1.875;28.715;3.536;-16.745;433.192;6.734;104.5;-16.745;;0.0;158.662;179.84;109.56;75277440.0
2013;Turkey;367.092;179.699;-13.511;-9.201;246.07;239.87;0.88;61.92;-0.718;-1.897;1225.852;170.65;419.095;6.933;3.61;3.04;29.588;1.494;-14.992;439.665;5.725;105.12;-14.992;;0.0;161.946;193.28;106.57;76576120.0
2014;Turkey;420.145;190.255;14.452;5.875;256.88;251.62;1.08;74.29;3.031;7.493;1317.706;199.0;431.095;2.863;4.13;3.087;30.501;6.096;-10.852;466.465;5.104;120.58;-10.852;;0.0;110.11;144.442;124.3;78112064.0
2015;Turkey;404.026;148.798;-3.837;-21.791;265.23;261.29;1.24;74.18;9.889;4.729;1380.02;177.64;516.403;19.789;4.24;1.759;31.037;-1.474;-20.555;459.59;4.055;99.22;-20.555;;0.0;180.822;226.722;114.59;79646176.0
2016;Turkey;447.26;179.797;10.701;20.834;278.57;273.69;1.63;90.39;5.006;4.473;1441.746;183.45;549.439;6.397;3.83;2.316;31.756;-3.165;-3.675;445.046;3.906;89.23;-3.675;;0.0;179.98;245.434;122.9;81019400.0
2017;Turkey;458.912;175.455;2.605;-2.415;295.85;296.43;2.1;95.38;5.94;7.56;1550.744;209.19;576.151;4.862;3.32;0.0;;15.871;0.0;515.681;;110.49;0.0;;0.0;154.936;236.658;137.12;82089824.0
2018;Turkey;475.22;192.445;3.554;9.683;303.23;303.86;2.65;111.36;-1.108;-3.046;1503.501;206.09;555.955;-3.505;2.25;0.0;;-8.407;0.0;472.325;;92.48;0.0;;0.0;158.581;264.095;141.14;82809304.0
2019;Turkey;487.526;201.773;2.59;4.847;302.21;302.79;3.51;111.17;3.776;-1.603;1479.405;170.53;558.265;0.415;2.07;0.0;;-8.196;0.0;433.613;;57.29;0.0;;0.0;234.134;354.944;124.64;83481688.0
2005;United Kingdom;440.463;140.469;1.84;-18.468;403.74;395.42;9.1;134.64;0.828;0.418;2436.895;296.87;1002.566;2.894;9.59;-11.17;985.307;-2.551;-8.497;993.866;923.39;152.64;-8.497;224.264;81.62;14.096;52.324;195.12;60383740.0
2006;United Kingdom;480.989;126.151;9.201;-10.193;400.96;393.44;9.28;148.85;-1.275;-0.856;2416.033;299.88;992.442;-1.01;10.2;-9.612;890.6;-5.158;-9.303;942.602;837.484;140.83;-9.303;206.013;75.45;13.07;56.832;201.41;60803700.0
2007;United Kingdom;452.891;118.181;-5.842;-6.318;398.19;392.98;9.33;135.95;-2.772;-1.884;2370.508;310.26;964.612;-2.804;8.52;-0.004;890.568;1.104;-9.858;953.005;754.928;165.79;-9.858;171.019;63.03;14.357;63.1;201.77;61260680.0
2008;United Kingdom;420.333;124.906;-7.189;5.69;395.86;384.84;9.57;124.38;-1.739;-1.147;2343.32;310.5;944.661;-2.068;9.9;-6.25;834.904;2.657;-3.606;978.325;727.706;176.22;-3.606;141.529;52.49;14.447;74.481;198.3;61742152.0
2009;United Kingdom;346.695;121.961;-17.519;-2.358;375.94;373.08;10.72;103.04;-5.053;-7.882;2158.611;278.73;899.679;-4.762;9.19;-5.001;793.149;-6.755;-15.892;912.237;612.057;166.5;-15.892;185.173;69.1;14.6;86.232;176.04;62243384.0
2010;United Kingdom;354.809;126.231;2.34;3.501;381.57;378.91;12.26;107.59;2.12;3.073;2224.938;290.59;885.2;-1.609;7.35;-7.679;732.244;7.968;-5.4;984.928;579.009;175.65;-5.4;165.505;62.14;9.968;91.09;183.21;62760048.0
2011;United Kingdom;357.704;127.411;0.816;0.935;371.28;365.06;13.31;108.44;-5.621;-8.123;2044.2;260.88;867.311;-2.021;5.94;-17.454;604.439;-16.828;-20.411;819.185;460.825;146.5;-20.411;182.605;68.98;15.702;115.238;169.09;63286360.0
2012;United Kingdom;451.254;116.925;26.153;-8.231;372.75;360.89;14.73;142.79;1.604;0.982;2064.266;249.25;844.025;-2.685;6.29;-14.261;518.242;-6.128;-14.952;768.987;391.924;100.17;-14.952;185.246;70.4;14.557;130.1;175.21;63808728.0
2013;United Kingdom;434.925;88.093;-3.619;-24.658;369.81;355.38;18.1;130.26;-0.337;-2.066;2021.609;231.56;823.427;-2.44;5.46;-8.784;472.717;-0.745;-5.644;763.258;369.804;95.84;-5.644;184.658;70.61;12.814;165.329;163.12;64302296.0
2014;United Kingdom;351.194;80.533;-19.252;-8.581;355.73;335.21;22.62;100.24;-5.544;-7.246;1875.129;206.94;823.38;-0.006;5.81;-1.768;464.362;-8.215;1.22;700.555;374.315;100.89;1.22;165.722;63.75;15.951;199.261;142.36;64773504.0
2015;United Kingdom;277.323;59.486;-21.034;-26.135;356.45;335.34;28.47;75.88;1.589;-1.66;1843.994;182.43;846.217;2.774;6.67;13.424;526.696;2.841;8.628;720.455;406.612;99.88;8.628;181.783;70.34;16.958;249.922;124.17;65224368.0
2016;United Kingdom;141.172;31.712;-49.095;-46.691;354.03;336.28;30.06;30.67;-1.052;-1.364;1818.846;181.56;870.937;2.921;7.53;4.763;551.78;11.976;2.649;806.736;417.382;143.36;2.649;184.255;71.73;14.377;248.655;109.48;65655204.0
2017;United Kingdom;114.227;22.859;-19.087;-27.916;349.86;335.1;31.87;22.53;0.043;-2.015;1782.203;165.91;882.485;1.326;6.63;-1.716;542.311;-2.633;0.351;785.491;418.846;136.75;0.351;179.622;70.34;15.653;290.906;99.53;66064808.0
2018;United Kingdom;96.786;21.002;-15.268;-8.125;349.61;330.5;34.93;16.83;-0.408;-1.621;1753.308;155.41;870.861;-1.317;7.09;9.093;591.623;0.022;-2.974;785.66;406.39;131.49;-2.974;165.186;65.06;14.401;325.048;93.37;66432996.0
2019;United Kingdom;69.043;19.718;-28.665;-6.113;342.82;321.65;37.29;6.89;-2.092;-3.075;1699.401;144.99;853.575;-1.985;7.52;1.862;602.64;-1.13;-3.317;776.783;392.909;130.58;-3.317;142.116;56.18;15.639;355.085;85.61;66778660.0
2005;United States;6346.957;6455.162;1.47;1.458;4059.77;4034.99;54.28;2012.87;0.047;0.059;23512.965;2899.96;11214.078;0.145;126.13;-5.031;3593.534;-1.56;-2.717;5951.93;4894.408;760.96;-2.717;2261.768;781.99;762.893;1135.401;2140.76;296842656.0
2006;United States;6249.683;6623.418;-1.533;2.607;4065.36;4046.94;54.86;1990.51;-0.788;-1.389;23186.369;2878.56;11070.909;-1.277;71.61;-1.452;3541.373;-1.447;2.51;5865.778;5017.24;816.44;2.51;2262.581;787.22;812.488;1249.168;2112.2;299753088.0
2007;United States;6333.85;6540.789;1.347;-1.248;4173.82;4142.57;55.54;2016.46;1.37;1.685;23576.988;2988.24;11001.755;-0.625;75.19;0.155;3546.877;6.403;4.019;6241.383;5218.889;896.59;4.019;2303.296;806.42;687.236;1183.502;2174.72;302743392.0
2008;United States;6233.055;6640.64;-1.591;1.527;4140.35;4107.53;55.03;1985.8;-2.432;-3.314;22795.662;2924.21;10273.694;-6.618;55.43;-0.903;3514.844;0.762;4.633;6288.912;5460.674;882.98;4.633;2288.376;806.21;705.476;1321.477;2129.42;305694912.0
2009;United States;5482.376;6020.422;-12.044;-9.34;3973.87;3939.82;54.49;1755.9;-4.923;-6.14;21395.902;2725.41;9737.244;-5.222;48.53;6.738;3751.68;-1.791;2.109;6176.281;5575.825;920.98;2.109;2253.506;798.85;758.314;1456.122;1955.17;308512032.0
2010;United States;5800.542;6135.828;5.803;1.917;4139.92;4113.94;56.09;1847.29;3.371;3.635;22173.703;2882.49;9891.228;1.581;47.5;3.273;3874.478;4.949;3.152;6481.935;5751.574;987.7;3.152;2262.428;806.97;714.086;1515.733;2062.47;311182848.0
2011;United States;5473.071;6186.829;-5.646;0.831;4126.12;4088.87;56.67;1733.43;-0.87;-1.912;21749.736;2788.93;9694.557;-1.988;41.81;3.985;4028.887;1.545;7.337;6582.108;6173.585;1013.69;7.337;2201.92;790.2;871.998;1774.409;1979.51;313876608.0
2012;United States;4838.404;5756.809;-11.596;-6.951;4087.93;4040.67;57.62;1514.04;-2.636;-2.563;21192.219;2779.02;9472.587;-2.29;39.09;14.103;4597.08;4.544;5.146;6881.228;6491.248;1225.89;5.146;2130.764;769.33;751.373;1724.88;1901.0;316651328.0
2013;United States;5022.271;5568.713;3.8;-3.267;4113.49;4055.61;60.86;1581.11;2.714;2.491;21720.053;2746.21;9627.553;1.636;40.26;13.508;5218.059;2.747;1.012;7070.228;6556.927;1124.84;1.012;2172.121;789.02;726.46;1835.576;1908.65;319375168.0
2014;United States;5010.856;5647.896;-0.227;1.422;4149.22;4096.01;63.99;1581.71;1.043;0.952;21926.727;2752.01;9693.266;0.683;43.69;16.951;6102.553;2.155;7.478;7222.604;7047.265;1126.61;7.478;2181.415;797.17;692.853;1888.077;1914.11;322033952.0
2015;United States;4329.078;4996.507;-13.606;-11.533;4150.66;4083.99;63.63;1352.4;-0.959;-1.237;21655.59;2730.32;9890.718;2.037;44.44;8.085;6595.943;2.952;5.048;7435.795;7403.032;1333.48;5.048;2168.462;797.18;663.691;1922.98;1828.25;324607776.0
2016;United States;3960.741;4083.574;-8.508;-18.271;4154.06;4087.56;62.76;1239.15;-0.093;-1.119;21413.307;2656.96;9961.576;0.716;39.5;-4.302;6312.184;0.742;-1.749;7490.989;7273.561;1378.31;-1.749;2178.659;805.69;706.105;2131.185;1755.35;327210208.0
2017;United States;3852.593;4350.379;-2.731;6.534;4108.62;4052.31;62.73;1205.84;0.373;-0.481;21310.291;2540.17;10057.775;0.966;37.89;5.804;6678.565;-1.216;2.587;7399.922;7461.707;1296.44;2.587;2163.843;804.95;789.888;2344.897;1688.94;329791232.0
2018;United States;3689.458;4277.451;-4.234;-1.676;4246.01;4201.55;61.83;1149.49;3.664;4.216;22208.822;2661.3;10299.73;2.406;42.68;16.62;7788.552;11.077;12.7;8219.633;8409.361;1469.13;12.7;2156.894;807.08;765.977;2399.24;1731.3;332140032.0
2019;United States;3150.46;3969.054;-14.609;-7.21;4197.42;4158.38;57.51;964.96;-0.711;-1.191;21944.391;2588.21;10283.932;-0.153;37.44;12.166;8736.102;3.533;10.366;8509.999;9281.11;1585.81;10.366;2155.132;809.41;752.485;2475.22;1633.31;334319680.0
